c01_s00.png,01
c01_s01.png,02
c01_s03.png,04
c01_s04.png,20
c01_s05.png,06
c01_s06.png,07
c01_s07.png,01
c02_s00.png,09
c02_s01.png,10
c02_s03.png,11
c02_s06.png,14
c02_s07.png,57
c03_s00.png,12
c03_s01.png,16
c03_s02.png,17
c03_s03.png,18
c03_s04.png,03
c03_s05.png,19
c04_s02.png,23
c04_s06.png,20
c04_s07.png,26
c05_s00.png,27
c05_s01.png,24
c05_s02.png,28
c05_s07.png,30
c06_s02.png,22
c06_s04.png,31
c06_s06.png,33
c07_s01.png,34
c07_s04.png,35
c07_s05.png,36
c07_s07.png,28
c08_s01.png,39
c08_s04.png,40
c08_s05.png,25
c09_s03.png,41
c09_s06.png,31
c09_s07.png,44
c10_s06.png,46
c11_s04.png,38
c12_s00.png,32
c12_s06.png,38
c13_s03.png,50
c14_s01.png,51
c14_s04.png,52
c16_s00.png,48
c17_s01.png,55
c18_s02.png,56
c20_s00.png,54
c20_s01.png,52
c21_s00.png,45
c21_s01.png,53
c21_s02.png,13
c22_s01.png,29
c22_s04.png,42
c23_s00.png,21
